slug,name,website_url
joola,JOOLA,https://joola.com
selkirk,Selkirk,https://www.selkirk.com
crbn,CRBN,https://crbnpickleball.com
six-zero,Six Zero,https://sixzeropickleball.com
engage,Engage,https://engagepickleball.com
franklin,Franklin,https://franklinsports.com
gearbox,Gearbox,https://gearboxsports.com
paddletek,Paddletek,https://paddletek.com
onix,Onix,https://www.onixpickleball.com
head,HEAD,https://www.head.com
vatic-pro,Vatic Pro,
k-swiss,K-Swiss,https://www.kswiss.com
asics,ASICS,https://www.asics.com
new-balance,New Balance,https://www.newbalance.com
skechers,Skechers,https://www.skechers.com
fila,FILA,https://www.fila.com
wilson,Wilson,https://www.wilson.com
gamma,Gamma,https://gammasports.com
babolat,Babolat,https://www.babolat.com
yonex,Yonex,https://www.yonex.com
tourna,Tourna,
penn,Penn,
lobster,Lobster,
sports-tutor,Sports Tutor,
spinshot,Spinshot,
slinger,Slinger,
vulcan,Vulcan,
pickleball-grip-doctor,Pickleball Grip Doctor,
fjalljos,Fjalljós,
jtjei,JTJEI,
hesacore,Hesacore,
big-shot-golf,Big Shot Golf,
